name,slug,brand,sku,price,comparePrice,discountedPrice,currency,inStock,inventoryStatus,quantity,availableForPreOrder,ribbon,productType,weight,url
Pokemon 2023 World Championship Deck Display,pokemon-2023-world-championship-deck-display,Pokemon,PKMN-WCD2023,110,0,110,USD,true,in_stock,7,false,,physical,5,https://www.pokene.com/product-page/pokemon-2023-world-championship-deck-display
X10 Dragon Shield Matte Non-Glare Clear (100ct) Protective Sleeves,x10-dragon-shield-matte-non-glare-clear-100ct-protective-sleeves,Ultra Pro,,80,0,80,USD,true,in_stock,10,false,,physical,0.5,https://www.pokene.com/product-page/x10-dragon-shield-matte-non-glare-clear-100ct-protective-sleeves
Barboach to the Moon Ultra Premium Hoodie - All Profits to WWF,barboach-to-the-moon-ultra-premium-hoodie-all-profits-to-wwf,,,60.69,0,60.69,USD,true,in_stock,0,false,,physical,0,https://www.pokene.com/product-page/barboach-to-the-moon-ultra-premium-hoodie-all-profits-to-wwf
Pokemon Mega Charizard Y Tin,pokemon-tcg-mega-charizard-tin,Pokemon,PKMN-CHARIZARDY-TIN,39.95,0,39.95,USD,false,in_stock,0,false,,physical,1,https://www.pokene.com/product-page/pokemon-tcg-mega-charizard-tin
Pokemon Mega Moonlit Tin - Clefable,pokemon-mega-moonlit-tin-clefable,Pokemon,,38.9,23.9,23.9,USD,true,in_stock,135,false,,physical,1,https://www.pokene.com/product-page/pokemon-mega-moonlit-tin-clefable
Nanoblock Pokemon Series - Tyranitar,nanoblock-pokemon-series-tyranitar,,4972825227473,9.99,0,9.99,USD,true,in_stock,9,false,,physical,0.2,https://www.pokene.com/product-page/nanoblock-pokemon-series-tyranitar
Mega Evolution Pokemon Center Elite Trainer Box  Mega Gardevoir,mega-evolution-pokemon-center-elite-trainer-box-mega-gardevoir,Pokemon,,300,225,225,USD,true,in_stock,2,false,,physical,2,https://www.pokene.com/product-page/mega-evolution-pokemon-center-elite-trainer-box-mega-gardevoir
Digimon Starter Deck Mugen Black,digimon-starter-deck-mugen-black,,DIGI-DECK-BLACK,14.99,9.99,9.99,USD,true,in_stock,10,false,,physical,0,https://www.pokene.com/product-page/digimon-starter-deck-mugen-black
Pokemon Scarlet and Violet Sleeved Booster Pack,pokemon-scarlet-and-violet-sleeved-booster-pack,Pokemon,,8.9,0,8.9,USD,false,in_stock,0,false,,physical,0,https://www.pokene.com/product-page/pokemon-scarlet-and-violet-sleeved-booster-pack
Japanese Quintessential Quintuplets Vol.1 Booster Box,the-quintessential-quintuplets-card-game-vol-1-booster-box-bp1,Weiss Schwarz,QUINQUIN-VOL1-BOX ,1000,0,1000,USD,true,in_stock,6,false,,physical,1,https://www.pokene.com/product-page/the-quintessential-quintuplets-card-game-vol-1-booster-box-bp1
Pokemon Crimson Invasion Elite Trainer Box,pokemon-crimson-invasion-elite-trainer-box,,,260,221,221,USD,true,in_stock,1,false,,physical,0,https://www.pokene.com/product-page/pokemon-crimson-invasion-elite-trainer-box
Pokemon Center Elite Trainer Box - Twilight Masquerade,twilight-masquerade-pokemon-center-elite-trainer-box-exclusive,Pokemon,,225,190,190,USD,true,in_stock,1,false,,physical,2,https://www.pokene.com/product-page/twilight-masquerade-pokemon-center-elite-trainer-box-exclusive
Hololive OCG: Tokino Sora & AZKi Start Deck - SD01,hololive-ocg-tokino-sora-azki-start-deck-sd01,Hololive,HOLOLIVESD01,18,16.99,16.99,USD,true,in_stock,349,false,,physical,1,https://www.pokene.com/product-page/hololive-ocg-tokino-sora-azki-start-deck-sd01
My Hero Academia Series 3 - Heroes Clash 1st edition Booster Pack,my-hero-academia-series-3-heroes-clash-1st-edition-booster-pack,,MHA-CLASH-PACK,4.99,1.99,1.99,USD,true,in_stock,12,false,,physical,0.025,https://www.pokene.com/product-page/my-hero-academia-series-3-heroes-clash-1st-edition-booster-pack
Pokemon Lumiose City Mini Tin Display,pokemon-lumiose-city-mini-tin-display,Pokemon,,187.9,112.9,112.9,USD,true,in_stock,31,false,,physical,1,https://www.pokene.com/product-page/pokemon-lumiose-city-mini-tin-display
Korean Pokemon Terastal Festival Booster Box,korean-pokemon-terastal-festival-booster-box,,,105,0,105,USD,true,in_stock,5,false,,physical,0.85,https://www.pokene.com/product-page/korean-pokemon-terastal-festival-booster-box
Weiss Schwarz: Saekano - How to Raise a Boring Girlfriend Trial Deck +,weiss-schwarz-saekano-how-to-raise-a-boring-girlfriend-trial-deck,,8885009407447,15.99,14.99,14.99,USD,true,in_stock,60,false,,physical,0.5,https://www.pokene.com/product-page/weiss-schwarz-saekano-how-to-raise-a-boring-girlfriend-trial-deck
Ultra Prism Elite Trainer Box [Dawn Wings Necrozma],ultra-prism-elite-trainer-box-dawn-wings-necrozma,,,1200,0,1200,USD,true,in_stock,1,false,,physical,0,https://www.pokene.com/product-page/ultra-prism-elite-trainer-box-dawn-wings-necrozma
Pokemon Chaos Rising Elite Trainer Box,05-22-pokemon-chaos-rising-elite-trainer-box-pre-order,Pokemon,,89.9,71.9,71.9,USD,true,in_stock,78,false,,physical,2,https://www.pokene.com/product-page/05-22-pokemon-chaos-rising-elite-trainer-box-pre-order
Pokemon Twilight Masquerade Booster Box,pokemon-twilight-masquerade-booster-box,,,375,360,360,USD,true,in_stock,3,false,,physical,1.1,https://www.pokene.com/product-page/pokemon-twilight-masquerade-booster-box
Chinese Pokemon Terastal Gathering Accessory Box - Vaporeon,chinese-pokemon-terastal-gathering-collectors-accessory-box-vaporeon,Pokemon,,26.9,0,26.9,USD,true,in_stock,37,false,,physical,0.05,https://www.pokene.com/product-page/chinese-pokemon-terastal-gathering-collectors-accessory-box-vaporeon
Japanese Pokemon Triplet Beat Booster Box,pokemon-triplet-beat-sv1a-booster-box,Pokemon,TRIPLE-BEAT-BOX,139.9,0,139.9,USD,true,in_stock,20,false,,physical,0.89,https://www.pokene.com/product-page/pokemon-triplet-beat-sv1a-booster-box
Japanese Pokemon Mega Brave Booster Box,pre-order-pokemon-mega-brave-booster-box-japanese,Pokemon,MEGABRAVE-BOX,135,111,111,USD,true,in_stock,10,false,,physical,0.8,https://www.pokene.com/product-page/pre-order-pokemon-mega-brave-booster-box-japanese
Alpha Clash TCG: Unrivaled Booster Box,alpha-clash-tcg-unrivaled-booster-box,,10850049496145,89.99,44.99,44.99,USD,true,in_stock,8,false,,physical,1,https://www.pokene.com/product-page/alpha-clash-tcg-unrivaled-booster-box
Chinese Pokemon 2026 Dragon Boat Festival Gift Box,chinese-pokemon-2026-dragon-boat-festival-gift-box,Pokemon,,49.9,0,49.9,USD,true,in_stock,15,false,,physical,2.5,https://www.pokene.com/product-page/chinese-pokemon-2026-dragon-boat-festival-gift-box
Pokemon Phantasmal Flames Booster Box ,11-14-pokemon-phantasmal-flames-booster-box,Pokemon,PKMN-BOX-ME2,466,433.38,433.38,USD,true,in_stock,4,false,,physical,2,https://www.pokene.com/product-page/11-14-pokemon-phantasmal-flames-booster-box
Pokemon Evolving Skies Booster Box - Sealed Case,sealed-case-pokemon-evolving-skies-booster-box,Pokemon,,17325,0,17325,USD,true,in_stock,1,false,,physical,2,https://www.pokene.com/product-page/sealed-case-pokemon-evolving-skies-booster-box
Spanish Pokemon Ascended Heroes EX Box - Mega Meganium,spanish-pokemon-ascended-heroes-ex-box-mega-meganium,Pokemon,,44.9,0,44.9,USD,true,in_stock,18,false,,physical,1.7,https://www.pokene.com/product-page/spanish-pokemon-ascended-heroes-ex-box-mega-meganium
Weiss Schwarz Hatsune Miku Colorful Stage Leo/Need Trial Deck,weiss-schwarz-hatsune-miku-colorful-stage-leo-need-trial-deck,Weiss Schwarz,LEO-TRIAL-DECK,18,16.99,16.99,USD,true,in_stock,30,false,,physical,1,https://www.pokene.com/product-page/weiss-schwarz-hatsune-miku-colorful-stage-leo-need-trial-deck
Pokemon Paldean Fates Mini Tin - Finizen,pokemon-paldean-fates-mini-tin-finizen,Pokemon,,54,0,54,USD,true,in_stock,1,false,,physical,1,https://www.pokene.com/product-page/pokemon-paldean-fates-mini-tin-finizen
X10 Dragon Shield Sleeves Matte Amethyst (100ct),x10-dragon-shield-sleeves-matte-amethyst-100ct,Ultra Pro,,80,0,80,USD,true,in_stock,5,false,,physical,0.5,https://www.pokene.com/product-page/x10-dragon-shield-sleeves-matte-amethyst-100ct
Pokemon Miracle Journey CSV2C Simplified Chinese Box,pokemon-miracle-journey-csv2c-simplified-chinese-box,Pokemon,MIRACLE-BOX,79.99,49.99,49.99,USD,true,in_stock,25,false,,physical,1,https://www.pokene.com/product-page/pokemon-miracle-journey-csv2c-simplified-chinese-box
Sakura Wars - Pack,sakura-wars-pack,,SAKURA-PACK,6.5,3.99,3.99,USD,true,in_stock,51,false,,physical,0,https://www.pokene.com/product-page/sakura-wars-pack
Signature-Required  Shipping Upgrade,signature-required-shipping-upgrade,,,4,0,4,USD,true,in_stock,0,false,,physical,0,https://www.pokene.com/product-page/signature-required-shipping-upgrade
Dragon Ball Super - Fusion World Starter Deck -  FS03 Broly,dragon-ball-super-fusion-world-starter-deck-fs03-broly,,,16.44,11.94,11.94,USD,true,in_stock,4,false,,physical,1.1,https://www.pokene.com/product-page/dragon-ball-super-fusion-world-starter-deck-fs03-broly
Pokemon Obsidian Flames Booster Box,pokemon-obsidian-flames-sv03-booster-box,Pokemon,PKMN-BOX-OBSID,392,372.4,372.4,USD,true,in_stock,6,false,,physical,2,https://www.pokene.com/product-page/pokemon-obsidian-flames-sv03-booster-box
Pokemon Charizard ex Super Premium Collection,pokemon-charizard-ex-super-premium-collection,Pokemon,PKMN-CHAR-SUPER,170,158,158,USD,false,in_stock,0,false,,physical,5,https://www.pokene.com/product-page/pokemon-charizard-ex-super-premium-collection
Ultra Pro Portfolio 9-Pocket Pokemon Scarlet and Violet 9,ultra-pro-portfolio-9-pocket-pokemon-scarlet-and-violet-9,Ultra Pro,,15.99,10.99,10.99,USD,true,in_stock,40,false,,physical,2,https://www.pokene.com/product-page/ultra-pro-portfolio-9-pocket-pokemon-scarlet-and-violet-9
Pokemon Surging Sparks 3-Pack Blister Zapdos or Quadsire,pokemon-surging-sparks-3-pack-blister-zapdos-or-quadsire,,,38,36,36,USD,true,in_stock,0,false,,physical,0,https://www.pokene.com/product-page/pokemon-surging-sparks-3-pack-blister-zapdos-or-quadsire
Chinese Pokemon Terastal Gathering Coin Set - Sylveon,chinese-pokemon-terastal-gathering-coin-set-sylveon,Pokemon,,14.99,13.9,13.9,USD,true,in_stock,39,false,,physical,0.05,https://www.pokene.com/product-page/chinese-pokemon-terastal-gathering-coin-set-sylveon
Pokemon Journey Together Enhanced Booster Box,pokemon-journey-together-sv09-enhanced-booster-box,Pokemon,PKMN-BOX-JT,275,265,265,USD,false,in_stock,0,false,,physical,2,https://www.pokene.com/product-page/pokemon-journey-together-sv09-enhanced-booster-box
Pokemon Center Elite Trainer Box (Exclusive) - Paradox Rift [Roaring Moon],paradox-rift-pokemon-center-elite-trainer-box-exclusive-roaring-moon,Pokemon,,225,0,225,USD,true,in_stock,2,false,,physical,2,https://www.pokene.com/product-page/paradox-rift-pokemon-center-elite-trainer-box-exclusive-roaring-moon
Sealed Case Weiss Schwarz Fujimi Fantasia Bunko Vol 2,sealed-case-weiss-schwarz-fujimi-fantasia-bunko-vol-2,Weiss Schwarz,,1950,1800,1800,USD,true,in_stock,6,false,,physical,1.3,https://www.pokene.com/product-page/sealed-case-weiss-schwarz-fujimi-fantasia-bunko-vol-2
Pokemon 2022 World Championship Deck - Ondrej Skubal,pokemon-2022-world-championship-deck-ondrej-skubal,Pokemon,,28.9,0,28.9,USD,true,in_stock,2,false,,physical,5,https://www.pokene.com/product-page/pokemon-2022-world-championship-deck-ondrej-skubal
Weiss Schwarz Disney Mirrorverse Booster Box Japanese,weiss-schwarz-disney-mirrorverse-booster-box,Weiss Schwarz,MIRRORVERSE-BOX,59.99,35,35,USD,true,in_stock,6,false,,physical,1,https://www.pokene.com/product-page/weiss-schwarz-disney-mirrorverse-booster-box
Pokemon V Battle Deck Zeraora vs Deoxys,pokemon-v-battle-deck-zeraora-vs-deoxys,Pokemon,DEOXVSZERA-DECK,22.99,0,22.99,USD,true,in_stock,2,false,,physical,1,https://www.pokene.com/product-page/pokemon-v-battle-deck-zeraora-vs-deoxys
Pokemon Silver Tempest Booster Box,pokemon-silver-tempest-booster-box,Pokemon,SILVER-TEMPEST-BOX,565,515,515,USD,true,in_stock,7,false,,physical,2,https://www.pokene.com/product-page/pokemon-silver-tempest-booster-box
Pokemon Prismatic Evolutions Elite Trainer Box - ETB,pokemon-prismatic-evolutions-elite-trainer-box-etb,Pokemon,PKMN-ETB-PRIS,195,175,175,USD,true,in_stock,27,false,,physical,1.7,https://www.pokene.com/product-page/pokemon-prismatic-evolutions-elite-trainer-box-etb
My Hero Academia CCG - Heroes Clash Endeavor Deluxe Starter Deck,my-hero-academia-ccg-heroes-clash-endeavor-deluxe-starter-deck,,,22.99,17.99,17.99,USD,true,in_stock,1,false,,physical,0.025,https://www.pokene.com/product-page/my-hero-academia-ccg-heroes-clash-endeavor-deluxe-starter-deck
Pokemon Crown Zenith Collection - Regidrago V,pokemon-crown-zenith-collection-regidrago-v,Pokemon,,130,0,130,USD,true,in_stock,3,false,,physical,1,https://www.pokene.com/product-page/pokemon-crown-zenith-collection-regidrago-v
Japanese Pokemon Mask of Change Booster Box,pokemon-mask-of-change-booster-box-sv6,Pokemon,MASKBOX,128.5,0,128.5,USD,true,in_stock,12,false,,physical,1,https://www.pokene.com/product-page/pokemon-mask-of-change-booster-box-sv6
Pokemon Victini ex Battle Deck,pokemon-victini-ex-or-miraidon-ex-battle-deck,,,17.9,0,17.9,USD,true,in_stock,1,false,,physical,0,https://www.pokene.com/product-page/pokemon-victini-ex-or-miraidon-ex-battle-deck
Pokemon Chaos Rising Sleeved Booster Pack,05-22-pokemon-chaos-rising-sleeved-booster-pack,Pokemon,,8.9,5.9,5.9,USD,true,in_stock,678,false,,physical,1,https://www.pokene.com/product-page/05-22-pokemon-chaos-rising-sleeved-booster-pack
Pokemon Temporal Forces Booster Box,pokemon-temporal-forces-booster-box,Pokemon,,350,0,350,USD,true,in_stock,6,false,,physical,0,https://www.pokene.com/product-page/pokemon-temporal-forces-booster-box
Pokemon Center Elite Trainer Box (Exclusive) - White Flare,white-flare-pokemon-center-elite-trainer-box-exclusive,Pokemon,,260,0,260,USD,true,in_stock,3,false,,physical,2,https://www.pokene.com/product-page/white-flare-pokemon-center-elite-trainer-box-exclusive
Pokemon Paradox Rift Booster Box,pokemon-paradox-rift-booster-box-sv04,Pokemon,,280,0,280,USD,true,in_stock,17,false,,physical,2,https://www.pokene.com/product-page/pokemon-paradox-rift-booster-box-sv04
Pokemon Center Elite Trainer Box - Journey Together,pokemon-center-elite-trainer-box-exclusive-journey-together,,,218,196.2,196.2,USD,true,in_stock,9,false,,physical,0,https://www.pokene.com/product-page/pokemon-center-elite-trainer-box-exclusive-journey-together
Pokemon League Battle Deck - Shadow Rider Calyrex,pokemon-league-battle-deck-shadow-rider-calyrex-vmax,Pokemon,PKMN-LEAGUEBATTLEDECK-SHADOWRIDER ,26.99,24.29,24.29,USD,true,in_stock,3,false,,physical,1,https://www.pokene.com/product-page/pokemon-league-battle-deck-shadow-rider-calyrex-vmax
Korean Pokemon Mega Dream Booster Box (Ascended Heroes),korean-pokemon-mega-dream-booster-box-aka-ascended-heroes,Pokemon,KR-MEGADREAM-BOX,89.95,74.9,74.9,USD,false,in_stock,0,false,,physical,1,https://www.pokene.com/product-page/korean-pokemon-mega-dream-booster-box-aka-ascended-heroes
Barboach to the Moon Tee - All Profits to WWF,barboach-to-the-moon-tee-all-profits-to-wwf,,,25.69,0,25.69,USD,true,in_stock,0,false,,physical,0,https://www.pokene.com/product-page/barboach-to-the-moon-tee-all-profits-to-wwf
Pokemon Mega Evolution ENHANCED Booster Box,pokemon-mega-evolution-booster-box-me1-pre-order-09-26,Pokemon,MEGABOX,325,0,325,USD,true,in_stock,1,false,,physical,2.2,https://www.pokene.com/product-page/pokemon-mega-evolution-booster-box-me1-pre-order-09-26
Pokemon Chaos Rising Booster Bundle,05-22-pokemon-chaos-rising-booster-bundle,Pokemon,,51.9,34.9,34.9,USD,true,in_stock,162,false,,physical,1,https://www.pokene.com/product-page/05-22-pokemon-chaos-rising-booster-bundle
Pokemon White Flare Booster Bundle Display,pokemon-white-flare-booster-bundle-display,Pokemon,,1400,0,1400,USD,true,in_stock,1,false,,physical,2,https://www.pokene.com/product-page/pokemon-white-flare-booster-bundle-display
Union Arena Hunter × Hunter Booster Pack [JP],union-arena-hunter-hunter-booster-pack-jp,,HUNTERXHUNTER-PACK,4.2,3.78,3.78,USD,true,in_stock,1,false,,physical,1.1,https://www.pokene.com/product-page/union-arena-hunter-hunter-booster-pack-jp
Chinese Pokemon Terastal Grand Gathering Quicksand Keychain Gift Box,06-22-chinese-pokemon-quicksand-card-display-charm-gift-boxes-terastal-grand,Pokemon,,44.9,34.9,34.9,USD,true,in_stock,128,false,,physical,0.05,https://www.pokene.com/product-page/06-22-chinese-pokemon-quicksand-card-display-charm-gift-boxes-terastal-grand
Pokemon Sylveon V Tin (International Version),pokemon-sylveon-v-tin-international-version-1,Pokemon,,80,0,80,USD,false,in_stock,0,false,,physical,1,https://www.pokene.com/product-page/pokemon-sylveon-v-tin-international-version-1
Pokemon: Greninja ex Battle Deck,pokemon-greninja-ex-battle-deck,Pokemon,PKMN-GRENINJA-EXBATTLEDECK ,16.99,15.29,15.29,USD,true,in_stock,1,false,,physical,1,https://www.pokene.com/product-page/pokemon-greninja-ex-battle-deck
Pokemon 2023 World Championship Deck - Shao Tong Yen,pokemon-2023-world-championship-deck-shao-tong-yen,Pokemon,,18.9,0,18.9,USD,false,in_stock,0,false,,physical,5,https://www.pokene.com/product-page/pokemon-2023-world-championship-deck-shao-tong-yen
"(X10) 100ct PENNY SLEEVES® 2.5"" x 3.5"" Soft Trading Card Protectors",x10-100ct-penny-sleeves-2-5-x-3-5-soft-trading-card-protectors,Ultra Pro,,39.99,8.9,8.9,USD,true,in_stock,25,false,,physical,0.5,https://www.pokene.com/product-page/x10-100ct-penny-sleeves-2-5-x-3-5-soft-trading-card-protectors
Japanese Pokemon Ninja Spinner Booster Box,pokemon-ninja-spinner-japanese-booster-box,Pokemon,PKMN-NINJA-BOX,102.5,100.45,100.45,USD,true,in_stock,45,false,,physical,2,https://www.pokene.com/product-page/pokemon-ninja-spinner-japanese-booster-box
Pokemon Flareon V Tin (International Version),pokemon-flareon-v-tin-international-version,Pokemon,,80,0,80,USD,false,in_stock,0,false,,physical,1,https://www.pokene.com/product-page/pokemon-flareon-v-tin-international-version
Chinese Pokemon 30th Anniversary Partner Set Volume 2,07-07-chinese-pokemon-30th-anniversary-partner-set-volume-2,Pokemon,,24,16.92,16.92,USD,true,in_stock,136,false,,physical,0.05,https://www.pokene.com/product-page/07-07-chinese-pokemon-30th-anniversary-partner-set-volume-2
Weiss Schwarz Hatsune Miku Colorful Stage More More Jump Trial Deck,weiss-schwarz-hatsune-miku-colorful-stage-more-more-jump-trial-deck,Weiss Schwarz,MORE-JUMP-DECK,18,16.99,16.99,USD,true,in_stock,30,false,,physical,1,https://www.pokene.com/product-page/weiss-schwarz-hatsune-miku-colorful-stage-more-more-jump-trial-deck
Pokemon Obsidian Flames Elite Trainer Box,pokemon-obsidian-flames-elite-trainer-box,Pokemon,PKMN-ETB-OBSID,325,295,295,USD,true,in_stock,3,false,,physical,1.7,https://www.pokene.com/product-page/pokemon-obsidian-flames-elite-trainer-box
Pokemon 151 Booster Pack (English),pokemon-151-booster-pack-english,Pokemon,151-PACK,29.9,0,29.9,USD,true,in_stock,36,false,,physical,0.04,https://www.pokene.com/product-page/pokemon-151-booster-pack-english
Pokemon League Battle Deck - Mega Lucario ex,pokemon-league-battle-deck-mega-lucario-ex,Pokemon,,29.99,15,15,USD,true,in_stock,147,false,,physical,1,https://www.pokene.com/product-page/pokemon-league-battle-deck-mega-lucario-ex
Dragon Ball Super - Fusion World Starter Deck -  FS02 Vegeta,dragon-ball-super-fusion-world-starter-deck-fs02-vegeta,,,16.44,11.94,11.94,USD,true,in_stock,6,false,,physical,1.1,https://www.pokene.com/product-page/dragon-ball-super-fusion-world-starter-deck-fs02-vegeta
Pokemon Japanese Steven's Beldum and Metagross ex,pokemon-japanese-steven-s-beldum-and-metagross-ex,Pokemon,JP-STEVENDECK,39.99,29.99,29.99,USD,true,in_stock,3,false,,physical,0.89,https://www.pokene.com/product-page/pokemon-japanese-steven-s-beldum-and-metagross-ex
My Hero Academia CCG - Heroes Clash DLC Pack,my-hero-academia-ccg-heroes-clash-dlc-pack,,MHA-DLC-PACK,29.99,19.99,19.99,USD,true,in_stock,10,false,,physical,0.025,https://www.pokene.com/product-page/my-hero-academia-ccg-heroes-clash-dlc-pack
Weiss Schwarz Hatsune Miku Colorful Stage Nightcord at 25:00 Trial Dec,weiss-schwarz-hatsune-miku-colorful-stage-nightcord-at-25-00-trial-dec,Weiss Schwarz,NIGHTCORD-DECK,18,16.99,16.99,USD,true,in_stock,29,false,,physical,1,https://www.pokene.com/product-page/weiss-schwarz-hatsune-miku-colorful-stage-nightcord-at-25-00-trial-dec
Pokemon Perfect Order Build and Battle Box,pokemon-tcg-mega-evolutions-me3-perfect-order-build-and-battle-box,Pokemon,PKMN-BUILD&BATTLE-PERFECTORDER ,34,0,34,USD,true,in_stock,6,false,,physical,1,https://www.pokene.com/product-page/pokemon-tcg-mega-evolutions-me3-perfect-order-build-and-battle-box
Pokemon Grafaiai ex Box,pokemon-grafaiai-ex-box,Pokemon,,50,0,50,USD,true,in_stock,3,false,,physical,0,https://www.pokene.com/product-page/pokemon-grafaiai-ex-box
Pokemon Sword and Shield Elite Trainer Box - Zacian,pokemon-sword-and-shield-elite-trainer-box-zacian,Pokemon,,175,0,175,USD,true,in_stock,1,false,,physical,2,https://www.pokene.com/product-page/pokemon-sword-and-shield-elite-trainer-box-zacian
Japanese Pokemon Violet EX Booster Box,pokemon-violet-ex-booster-box-sv1v,,VIOLET-EX-BOX,124,0,124,USD,true,in_stock,48,false,,physical,0.89,https://www.pokene.com/product-page/pokemon-violet-ex-booster-box-sv1v
Pokemon: Knock Out Collection (Chien-Pao),pokemon-knock-out-collection-chien-pao,Pokemon,PKMN-KNOCKOUT-CHIENPAO,22,0,22,USD,true,in_stock,12,false,,physical,0.5,https://www.pokene.com/product-page/pokemon-knock-out-collection-chien-pao
Chinese Pokemon Terastal Gathering Coin Set - Espeon,chinese-pokemon-terastal-gathering-coin-set-espeon,Pokemon,,14.99,12.9,12.9,USD,true,in_stock,107,false,,physical,0.05,https://www.pokene.com/product-page/chinese-pokemon-terastal-gathering-coin-set-espeon
Spanish Pokemon Ascenso Heroico (Ascended Heroes) Booster Bundle,spanish-pokemon-ascenso-heroico-ascended-heroes-booster-bundle,Pokemon,,49.9,0,49.9,USD,true,in_stock,112,false,,physical,1.7,https://www.pokene.com/product-page/spanish-pokemon-ascenso-heroico-ascended-heroes-booster-bundle
Pokemon Center Elite Trainer Box (Exclusive) - Stellar Crown,pokemon-stellar-crown-pokemon-center-elite-trainer-box-exclusive,Pokemon,,185,184.95,184.95,USD,false,in_stock,0,false,,physical,2,https://www.pokene.com/product-page/pokemon-stellar-crown-pokemon-center-elite-trainer-box-exclusive
Chinese Pokemon Gem Pack Badge Set Box,pokemon-gem-pack-badge-set-s-chinese,Pokemon,PKMN-GEMPACK-BADGE12SET,185,174.9,174.9,USD,true,in_stock,6,false,,physical,2.5,https://www.pokene.com/product-page/pokemon-gem-pack-badge-set-s-chinese
Black Non-Glare 100 Matte Dragon Shield Sleeves Standard Size,black-non-glare-100-matte-dragon-shield-sleeves-standard-size,Ultra Pro,,80,0,80,USD,true,in_stock,19,false,,physical,0.5,https://www.pokene.com/product-page/black-non-glare-100-matte-dragon-shield-sleeves-standard-size
Chinese Pokemon Terastal Gathering Accessory Box - Flareon,chinese-pokemon-terastal-gathering-collectors-accessory-box-flareon,Pokemon,,26.9,0,26.9,USD,true,in_stock,52,false,,physical,0.05,https://www.pokene.com/product-page/chinese-pokemon-terastal-gathering-collectors-accessory-box-flareon
Pokemon Surging Sparks Build and Batlle Box,pokemon-surging-sparks-build-and-batlle-box,,,65,0,65,USD,true,in_stock,9,false,,physical,0.5,https://www.pokene.com/product-page/pokemon-surging-sparks-build-and-batlle-box
My Hero Academia - Girl Power Booster Display UniVersus,my-hero-academia-girl-power-booster-display-universus,My Hero Academia,MHA-GIRL,69.99,59.99,59.99,USD,true,in_stock,10,false,,physical,2,https://www.pokene.com/product-page/my-hero-academia-girl-power-booster-display-universus
Pokemon Scarlet and Violet Blister (Espathra),pokemon-scarlet-and-violet-espathra-checklane-blister,Pokemon,PKMN-ESPATHRA-CHECKLANE,14.98,13.9,13.9,USD,true,in_stock,17,false,,physical,0.07,https://www.pokene.com/product-page/pokemon-scarlet-and-violet-espathra-checklane-blister
Pokemon Pitch Black Booster Bundle,pitch-black-booster-bundle,Pokemon,,44.9,36.9,36.9,USD,false,in_stock,0,false,,physical,2,https://www.pokene.com/product-page/pitch-black-booster-bundle
PokeNE Embroidered Champion Hoodie,pokene-embroidered-champion-hoodie,,,49.99,0,49.99,USD,true,in_stock,0,false,,physical,0,https://www.pokene.com/product-page/pokene-embroidered-champion-hoodie
X10 Emerald Matte Dragon Shield Sleeves Standard Size (100 ct),x10-emerald-matte-dragon-shield-sleeves-standard-size-100-ct,Ultra Pro,,80,0,80,USD,true,in_stock,4,false,,physical,0.5,https://www.pokene.com/product-page/x10-emerald-matte-dragon-shield-sleeves-standard-size-100-ct
Spanish Pokemon Stellar Crown (Corona Astral) Sleeved Pack,spanish-pokemon-stellar-crown-corona-astral-sleeved-pack,Pokemon,,4.99,4.49,4.49,USD,true,in_stock,1303,false,,physical,1.7,https://www.pokene.com/product-page/spanish-pokemon-stellar-crown-corona-astral-sleeved-pack
Pokemon Celestial Storm Elite Trainer Box with Acrylic,pokemon-celestial-storm-elite-trainer-box,Pokemon,,2100,0,2100,USD,true,in_stock,1,false,,physical,2,https://www.pokene.com/product-page/pokemon-celestial-storm-elite-trainer-box
Weiss Schwarz Marvel Vol 3 Booster Box - Japanese,09-23-weiss-schwarz-marvel-vol-3-booster-box-japanese-pre-order,Weiss Schwarz,MARVEL3-BOX,47.99,0,47.99,USD,true,in_stock,30,false,,physical,0.85,https://www.pokene.com/product-page/09-23-weiss-schwarz-marvel-vol-3-booster-box-japanese-pre-order
Chinese Pokemon Sharp Blade Awakened Booster Box (CSV7C),chinese-pokemon-sharp-blade-awakened-booster-box-csv7c,Pokemon,,31.9,0,31.9,USD,true,in_stock,35,false,,physical,0.05,https://www.pokene.com/product-page/chinese-pokemon-sharp-blade-awakened-booster-box-csv7c
Hololive OCG Curious Universe Booster Box Display BP04,hololive-ocg-bp04-curious-universe-booster-display-1,Hololive,HOLO-CURIOUSUNIVERSE-BOOSTERBOX,59.9,0,59.9,USD,true,in_stock,14,false,,physical,1,https://www.pokene.com/product-page/hololive-ocg-bp04-curious-universe-booster-display-1
Korean Pokemon Inferno X Booster Box,korean-pokemon-inferno-x-booster-box,Pokemon,PKMN-KR-INFERNO-BOX,90,76.9,76.9,USD,true,in_stock,47,false,,physical,2,https://www.pokene.com/product-page/korean-pokemon-inferno-x-booster-box
Pokemon Rebel Clash Zacian Theme Deck,pokemon-sword-shield-rebel-clash-zacian-theme-deck,Pokemon,S&S-ZACIAN-REBELCLASH-DECK,35,0,35,USD,true,in_stock,1,false,,physical,1,https://www.pokene.com/product-page/pokemon-sword-shield-rebel-clash-zacian-theme-deck
Pokemon Espeon V Tin (International Version),pokémon-tcg-v-heroes-tin-espeon,Pokemon,PKMN-ESPEON-SMALLTIN ,80,0,80,USD,true,in_stock,1,false,,physical,1,https://www.pokene.com/product-page/pokémon-tcg-v-heroes-tin-espeon
Weiss Schwarz Hatsune Miku Colorful Stage Wonderlands Showtime Trial Deck,weiss-schwarz-hatsune-miku-colorful-stage-wonderlands-showtime-trial-deck,Weiss Schwarz,WONDERLANDS-DECK,18,16.99,16.99,USD,true,in_stock,24,false,,physical,1,https://www.pokene.com/product-page/weiss-schwarz-hatsune-miku-colorful-stage-wonderlands-showtime-trial-deck
Pokemon Perfect Order 3-Pack Blister,pokemon-tcg-mega-evolutions-me3-perfect-order-3-pack-blister,Pokemon,PKMN-3PACKBLISTER-PERFECTORDER,21.99,19.79,19.79,USD,true,in_stock,29,false,,physical,1,https://www.pokene.com/product-page/pokemon-tcg-mega-evolutions-me3-perfect-order-3-pack-blister
Pokemon Temporal Forces 3-Pack Blister - Cyclizar,pokemon-temporal-forces-3-pack-blister-cyclizar,Pokemon,,30,27,27,USD,true,in_stock,26,false,,physical,1.7,https://www.pokene.com/product-page/pokemon-temporal-forces-3-pack-blister-cyclizar
Chinese Pokemon Terastal Grand Gathering CSV9.5C Booster Box,06-22-chinese-pokemon-terastal-grand-gathering-csv9-5c-booster-box,Pokemon,,124.95,100,100,USD,true,in_stock,60,false,,physical,0.05,https://www.pokene.com/product-page/06-22-chinese-pokemon-terastal-grand-gathering-csv9-5c-booster-box
Chinese Pokemon Chasing Glory Together Booster Box,chinese-pokemon-chasing-glory-together-booster-box-csv10c,Pokemon,,36.9,0,36.9,USD,true,in_stock,12,false,,physical,0.05,https://www.pokene.com/product-page/chinese-pokemon-chasing-glory-together-booster-box-csv10c
Pokemon Center Elite Trainer Box - Shrouded Fable,pokemon-shrouded-fable-pokemon-center-elite-trainer-box-exclusive,Pokemon,,185,174.98,174.98,USD,true,in_stock,4,false,,physical,2,https://www.pokene.com/product-page/pokemon-shrouded-fable-pokemon-center-elite-trainer-box-exclusive
Japanese One Piece EB-04 Egghead Crisis Booster Box,one-piece-eb-04-egghead-crisis-booster-box,One Piece,EB04-BOX ,105,0,105,USD,false,in_stock,0,false,,physical,1,https://www.pokene.com/product-page/one-piece-eb-04-egghead-crisis-booster-box
Pokemon Mega Gallade EX Box - Nihil Zero Packs,01-30-pokemon-mega-gallade-ex-box-nihil-zero-packs,Pokemon,PKMN-EX-GALLADE,42,39,39,USD,true,in_stock,43,false,,physical,2,https://www.pokene.com/product-page/01-30-pokemon-mega-gallade-ex-box-nihil-zero-packs
Pokemon League Battle Deck - Ice Rider Calyrex,pokemon-league-battle-deck-ice-rider-calyrex-vmax,Pokemon,PKMN-LEAGUEBATTLEDECK-ICERIDER ,26.99,24.29,24.29,USD,true,in_stock,3,false,,physical,1,https://www.pokene.com/product-page/pokemon-league-battle-deck-ice-rider-calyrex-vmax
Pokemon Temporal Forces 3-Pack Blister - Cleffa,pokemon-temporal-forces-3-pack-blister-cleffa-or-cyclizar,Pokemon,,30,27,27,USD,true,in_stock,25,false,,physical,1.7,https://www.pokene.com/product-page/pokemon-temporal-forces-3-pack-blister-cleffa-or-cyclizar
Japanese Pokemon Storm Emeralda,08-07-japanese-pokemon-storm-emeralda-pre-order,Pokemon,,220,165,165,USD,false,in_stock,0,false,,physical,2,https://www.pokene.com/product-page/08-07-japanese-pokemon-storm-emeralda-pre-order
Pokemon Pitch Black 3-Pack Blister,pitch-black-three-pack-blister,Pokemon,,28.9,0,28.9,USD,true,in_stock,81,false,,physical,2,https://www.pokene.com/product-page/pitch-black-three-pack-blister
Pokemon Lost Thunder Booster Box,pokemon-lost-thunder-booster-box,,,1600,0,1600,USD,true,in_stock,1,false,,physical,0,https://www.pokene.com/product-page/pokemon-lost-thunder-booster-box
Pokemon Battle Styles Booster Box,pokemon-battle-styles-booster-box,,,289.9,0,289.9,USD,true,in_stock,6,false,,physical,0,https://www.pokene.com/product-page/pokemon-battle-styles-booster-box
Weiss Schwarz Blau Sanrio Characters Box Hello Kitty,weiss-schwarz-blau-sanrio-characters-box-hello-kitty,,,50,0,50,USD,true,in_stock,6,false,,physical,1,https://www.pokene.com/product-page/weiss-schwarz-blau-sanrio-characters-box-hello-kitty
Pokemon Crown Zenith Pin Collection - Inteleon,pokemon-crown-zenith-pin-collection-inteleon,Pokemon,,99.9,89.91,89.91,USD,true,in_stock,1,false,,physical,1,https://www.pokene.com/product-page/pokemon-crown-zenith-pin-collection-inteleon
Pokemon Ultra Prism Booster Box,pokemon-ultra-prism-booster-box,,,1900,0,1900,USD,true,in_stock,1,false,,physical,0,https://www.pokene.com/product-page/pokemon-ultra-prism-booster-box
Spanish Pokemon Ascenso Heroico Tech Sticker Pack (Ascended Heroes),spanish-pokemon-ascenso-heroico-tech-sticker-pack-ascended-heroes-1,Pokemon,,26,24.9,24.9,USD,true,in_stock,70,false,,physical,1.7,https://www.pokene.com/product-page/spanish-pokemon-ascenso-heroico-tech-sticker-pack-ascended-heroes-1
Pokemon Iono's Wattrel Promo 232/SV-P Japanese SV09,pokemon-iono-s-wattrel-promo-232-sv-p-japanese-sv09-battle-partners,Pokemon,IONO-PROMO,30,17,17,USD,true,in_stock,56,false,,physical,0.4,https://www.pokene.com/product-page/pokemon-iono-s-wattrel-promo-232-sv-p-japanese-sv09-battle-partners
Ultra Pro Premium Snap Binder 4-Pocket Pokemon Red,ultra-pro-premium-snap-binder-4-pocket-pokemon-red,Ultra Pro,REDBINDER,29.99,19.99,19.99,USD,true,in_stock,24,false,,physical,2,https://www.pokene.com/product-page/ultra-pro-premium-snap-binder-4-pocket-pokemon-red
Pokémon Holiday & Home Snow Globe Eevee & Pikachu,pokémon-holiday-home-snow-globe-eevee-pikachu,,SNOW-GLOBE,75,0,75,USD,true,in_stock,1,false,,physical,6,https://www.pokene.com/product-page/pokémon-holiday-home-snow-globe-eevee-pikachu
Digimon Starter Deck Giga Green,digimon-starter-deck-giga-green,,DIGI-DECK-GREEN,14.99,9.99,9.99,USD,true,in_stock,10,false,,physical,0,https://www.pokene.com/product-page/digimon-starter-deck-giga-green
Pokemon Kingambit Illustration Collection,pokemon-kingambit-illustration-collection,Pokemon,PKMN-KINGAMBIT-ILLUSTRATIONCOLLECTION,55,0,55,USD,true,in_stock,6,false,,physical,1,https://www.pokene.com/product-page/pokemon-kingambit-illustration-collection
Pokemon Plasma Blast Booster Box ,pokemon-plasma-blast-booster-box,,,20000,17500,17500,USD,true,in_stock,1,false,,physical,0,https://www.pokene.com/product-page/pokemon-plasma-blast-booster-box
Japanese Pokemon Abyss Eye Booster Box,japanese-pokemon-abyss-eye-booster-box-pre-order-05-26,Pokemon,,89.9,84.9,84.9,USD,true,in_stock,21,false,,physical,2,https://www.pokene.com/product-page/japanese-pokemon-abyss-eye-booster-box-pre-order-05-26
Pokemon Pitch Black Booster Box,pitch-black-box,Pokemon,PITCH-BLACK-BOX,244.9,195.92,195.92,USD,true,in_stock,48,false,,physical,2,https://www.pokene.com/product-page/pitch-black-box
Weiss Schwarz Hatsune Miku Colorful Stage Vivid Bad Squad Trial Dec,weiss-schwarz-hatsune-miku-colorful-stage-vivid-bad-squad-trial-dec,Weiss Schwarz,BAD-SQUAD-DECK,18,16.99,16.99,USD,true,in_stock,30,false,,physical,1,https://www.pokene.com/product-page/weiss-schwarz-hatsune-miku-colorful-stage-vivid-bad-squad-trial-dec
Dragon Ball Super - Fusion World Starter Deck -  FS04 Frieza,dragon-ball-super-fusion-world-starter-deck-fs04-frieza,,,16.44,11.94,11.94,USD,true,in_stock,5,false,,physical,1.1,https://www.pokene.com/product-page/dragon-ball-super-fusion-world-starter-deck-fs04-frieza
Pokemon Celebrations Collector Chest,pokemon-celebrations-collector-chest,Pokemon,,225,202.5,202.5,USD,true,in_stock,1,false,,physical,1,https://www.pokene.com/product-page/pokemon-celebrations-collector-chest
Pokemon Journey Together Booster Pack,pokemon-journey-together-booster-pack,Pokemon,PKMN-JOURNEYTOGETHER ,6.9,0,6.9,USD,true,in_stock,282,false,,physical,0.05,https://www.pokene.com/product-page/pokemon-journey-together-booster-pack
Pokemon 151 Poster Collection,pokemon-151-poster-collection,Pokemon,151-POSTER,89.9,0,89.9,USD,true,in_stock,11,false,,physical,1.1,https://www.pokene.com/product-page/pokemon-151-poster-collection
Pokemon Eeveelution Vmax Premium Collection Set - Vaporeon Flareon Jolteon,pokemon-eeveelution-vmax-premium-collection-set-vaporeon-flareon-jolteon,Pokemon,,1025,0,1025,USD,false,in_stock,0,false,,physical,1,https://www.pokene.com/product-page/pokemon-eeveelution-vmax-premium-collection-set-vaporeon-flareon-jolteon
Pokemon Paldean Fates Tech Sticker - Greavard,pokemon-paldean-fates-tech-sticker-greavard,,,67.9,0,67.9,USD,false,in_stock,0,false,,physical,0.04,https://www.pokene.com/product-page/pokemon-paldean-fates-tech-sticker-greavard
Pokemon Silver Tempest Elite Trainer Box,silver-tempest-elite-trainer-box-swsh12-silver-tempest-swsh12,Pokemon,PKMN=SILVERTEMPEST-ETB,185,160.95,160.95,USD,true,in_stock,7,false,,physical,2,https://www.pokene.com/product-page/silver-tempest-elite-trainer-box-swsh12-silver-tempest-swsh12
Chinese Pokemon Terastal Gathering Eeveelution Pin Badge Set,chinese-pokemon-terastal-gathering-eeveelution-pin-badge-set,Pokemon,,14.99,0,14.99,USD,true,in_stock,199,false,,physical,0.05,https://www.pokene.com/product-page/chinese-pokemon-terastal-gathering-eeveelution-pin-badge-set
Pokemon 151 Alakazam Collection,pokemon-151-alakazam-collection,,,120,0,120,USD,true,in_stock,14,false,,physical,1.1,https://www.pokene.com/product-page/pokemon-151-alakazam-collection
Ace Trainer Slab Pack - ELITE (from Card & All Gaming),ace-trainer-slab-pack-elite-from-card-all-gaming,Pokemon,ACE-ELITE-BOX,199.99,0,199.99,USD,true,in_stock,21,false,,physical,2,https://www.pokene.com/product-page/ace-trainer-slab-pack-elite-from-card-all-gaming
PokeNE Mystery Gift Box - Over $150 in Value,151-mystery-box-the-ultimate-gift,Pokemon,,100,0,100,USD,true,in_stock,99,false,,physical,5,https://www.pokene.com/product-page/151-mystery-box-the-ultimate-gift
Korean Pokemon Ninja Spinner Booster Box,korean-pokemon-ninja-spinner-booster-box,Pokemon,,54,0,54,USD,true,in_stock,50,false,,physical,2,https://www.pokene.com/product-page/korean-pokemon-ninja-spinner-booster-box
x10 Dragon Shield Matte Non-Glare Forest Green (100ct) Sleeves,x10-dragon-shield-sleeves-standard-matte-white-100ct,Ultra Pro,,80,0,80,USD,true,in_stock,4,false,,physical,0.5,https://www.pokene.com/product-page/x10-dragon-shield-sleeves-standard-matte-white-100ct
X10 Black Classic 100 Dragon Shield Sleeves Standard Size,x10-black-classic-100-dragon-shield-sleeves-standard-size,Ultra Pro,,80,0,80,USD,true,in_stock,7,false,,physical,0.5,https://www.pokene.com/product-page/x10-black-classic-100-dragon-shield-sleeves-standard-size
Save the Barboaches Tee - All Profits to WWF,save-the-barboaches-tee-100-proceeds-to-wwf,,,25,0,25,USD,true,in_stock,0,false,,physical,0,https://www.pokene.com/product-page/save-the-barboaches-tee-100-proceeds-to-wwf
Pokemon Sun & Moon-Team Up Relentless Flame Theme Deck,pokemon-sun-moon-team-up-relentless-flame-theme-deck,Pokemon,PKMN-TEAMUP-CHRIZARDDECK ,110,0,110,USD,true,in_stock,2,false,,physical,0.08,https://www.pokene.com/product-page/pokemon-sun-moon-team-up-relentless-flame-theme-deck
Pokemon Surging Sparks Booster Pack,pokemon-surging-sparks-booster-pack,Pokemon,SURGING-PACK,7.99,0,7.99,USD,true,in_stock,276,false,,physical,0.01,https://www.pokene.com/product-page/pokemon-surging-sparks-booster-pack
Japanese Pokemon Battle Partners Booster Box,pokemon-battle-partners-booster-box,Pokemon,BATTLEPARTNERBOX,110,0,110,USD,false,in_stock,0,false,,physical,1,https://www.pokene.com/product-page/pokemon-battle-partners-booster-box
Spanish Pokemon Ascenso Heroico (Ascended Heroes) Elite Trainer Box,spanish-pokemon-ascenso-heroico-ascended-heroes-elite-trainer-box,Pokemon,,95,0,95,USD,true,in_stock,87,false,,physical,1.7,https://www.pokene.com/product-page/spanish-pokemon-ascenso-heroico-ascended-heroes-elite-trainer-box
Japanese Pokemon Mega Dream Booster Box,12-03-pokemon-mega-dream-booster-box-japanese-pre-order,Pokemon,PKMN-BOX-DREAM,160,127.5,127.5,USD,true,in_stock,17,false,,physical,1,https://www.pokene.com/product-page/12-03-pokemon-mega-dream-booster-box-japanese-pre-order
Japanese Pokemon Mega Symphonia Booster Box,pre-order-pokemon-mega-symphonia-booster-box-japanese,Pokemon,MEGASYMP-BOX,112,100,100,USD,true,in_stock,10,false,,physical,0.8,https://www.pokene.com/product-page/pre-order-pokemon-mega-symphonia-booster-box-japanese
Spanish Pokemon Ascenso Heroico Poster Collection (Ascended Heroes) gardevoir,spanish-pokemon-ascenso-heroico-poster-collection-ascended-heroes,Pokemon,,79.8,77.9,77.9,USD,true,in_stock,17,false,,physical,1.7,https://www.pokene.com/product-page/spanish-pokemon-ascenso-heroico-poster-collection-ascended-heroes
Save the Barboaches 2-Sided Tee - All Profits to WWF,unisex-garment-dyed-heavyweight-t-shirt,,,30,0,30,USD,true,in_stock,0,false,,physical,0,https://www.pokene.com/product-page/unisex-garment-dyed-heavyweight-t-shirt
Spanish Pokemon Ascenso Heroico Poster Collection (Ascended Heroes) Lucario,spanish-pokemon-ascenso-heroico-poster-collection-ascended-heroes-1,Pokemon,,79.8,77.9,77.9,USD,true,in_stock,13,false,,physical,1.7,https://www.pokene.com/product-page/spanish-pokemon-ascenso-heroico-poster-collection-ascended-heroes-1
Weiss Schwarz Toy Story 30 Years and Beyond Booster Box,weiss-schwarz-toy-story-30-years-and-beyond-booster-box,Weiss Schwarz,TOYSTORY-BOX,47.99,41.99,41.99,USD,true,in_stock,9,false,,physical,0.85,https://www.pokene.com/product-page/weiss-schwarz-toy-story-30-years-and-beyond-booster-box
"Dark Magician 12"" Statue - Blue - First 4 Figures - Yu-Gi-Oh",dark-magician-12-statue-blue-first-4-figures-yu-gi-oh,YuGiOh,DARK-MAGIC-STATUE,139.99,94.99,94.99,USD,true,in_stock,7,false,,physical,6,https://www.pokene.com/product-page/dark-magician-12-statue-blue-first-4-figures-yu-gi-oh
Pokemon Center Elite Trainer Box (Exclusive) - Paradox Rift [Iron Valiant],paradox-rift-pokemon-center-elite-trainer-box-exclusive-iron-valiant,Pokemon,,225,0,225,USD,true,in_stock,2,false,,physical,2,https://www.pokene.com/product-page/paradox-rift-pokemon-center-elite-trainer-box-exclusive-iron-valiant
Japanese Pokemon Detective Pikachu Returns Game (Playable in English!),japanese-pokemon-detective-pikachu-returns-game-playable-in-english,,,17.99,0,17.99,USD,true,in_stock,64,false,,physical,0.2,https://www.pokene.com/product-page/japanese-pokemon-detective-pikachu-returns-game-playable-in-english
Pokemon: Sword & Shield-Rebel Clash Zamazenta Theme Deck,pokemon-sword-shield-rebel-clash-zamazenta-theme-deck,Pokemon,S&S-ZAMAZENTA-REBELCLASH-DECK,30,24,24,USD,true,in_stock,1,false,,physical,1,https://www.pokene.com/product-page/pokemon-sword-shield-rebel-clash-zamazenta-theme-deck
Spanish Pokemon Twilight Masquerade (Mascarada Crepuscular) Sleeved Pack,spanish-pokemon-twilight-masquerade-mascarada-crepuscular-sleeved-pack,Pokemon,SPAN-TWMAS,5.99,4.09,4.09,USD,true,in_stock,342,false,,physical,1.7,https://www.pokene.com/product-page/spanish-pokemon-twilight-masquerade-mascarada-crepuscular-sleeved-pack
Japanese Pokemon Cyber Judge Booster Box,pokemon-cyber-judge-booster-box-sv5m,Pokemon,CYBER-BOX,120,0,120,USD,true,in_stock,1,false,,physical,0.89,https://www.pokene.com/product-page/pokemon-cyber-judge-booster-box-sv5m
Pokemon Crown Zenith Pin Collection - Cinderace,pokemon-crown-zenith-pin-collection-cinderace,Pokemon,,99.9,89.91,89.91,USD,true,in_stock,1,false,,physical,1,https://www.pokene.com/product-page/pokemon-crown-zenith-pin-collection-cinderace
Japanese Pokemon 151 Booster Box,pokemon-151-booster-box-japanese-sv2a,Pokemon,,390,0,390,USD,true,in_stock,8,false,,physical,2,https://www.pokene.com/product-page/pokemon-151-booster-box-japanese-sv2a
Japanese Pokemon Paradise Dragona Booster Box,pokemon-paradise-dragona-booster-box-sv7a,Pokemon,PARADISE-BOX,130,0,130,USD,true,in_stock,12,false,,physical,0.89,https://www.pokene.com/product-page/pokemon-paradise-dragona-booster-box-sv7a
Japanese Pokemon Shiny Treasure EX Booster Box,pokemon-shiny-treasure-ex-booster-box-sv4a,Pokemon,SHINY-TREASURE-BOX,185,0,185,USD,true,in_stock,14,false,,physical,0.89,https://www.pokene.com/product-page/pokemon-shiny-treasure-ex-booster-box-sv4a
Mega Evolution Pokemon Center Elite Trainer Box - Lucario,mega-evolution-pokemon-center-elite-trainer-box-lucario,Pokemon,,325,289.25,289.25,USD,true,in_stock,2,false,,physical,2,https://www.pokene.com/product-page/mega-evolution-pokemon-center-elite-trainer-box-lucario
Spanish Pokemon Ascenso Heroico Tech Sticker Pack (Ascended Heroes),spanish-pokemon-ascenso-heroico-tech-sticker-pack-ascended-heroes,Pokemon,,26,24.9,24.9,USD,true,in_stock,67,false,,physical,1.7,https://www.pokene.com/product-page/spanish-pokemon-ascenso-heroico-tech-sticker-pack-ascended-heroes
"Sealed Case of x100 100ct PENNY SLEEVES 2.5"" x 3.5"" (Total of 10,000 Sleeves)",sealed-case-of-x100-100ct-penny-sleeves-2-5-x-3-5-total-of-10-000-sleeves,Ultra Pro,,75,0,75,USD,true,in_stock,98,false,,physical,13,https://www.pokene.com/product-page/sealed-case-of-x100-100ct-penny-sleeves-2-5-x-3-5-total-of-10-000-sleeves
Pokemon Paldea Evolved Booster Box,pokemon-paldea-evolved-booster-box,Pokemon,,520,485,485,USD,true,in_stock,4,false,,physical,0,https://www.pokene.com/product-page/pokemon-paldea-evolved-booster-box
Weiss Schwarz Marvel Premium Box Japanese,weiss-schwarz-marvel-premium-box-jp,,MARVEL-PREMIUM-BOX,39.87,15.87,15.87,USD,true,in_stock,9,false,,physical,1,https://www.pokene.com/product-page/weiss-schwarz-marvel-premium-box-jp
Chinese Pokemon Gem Vol 2 Booster Box,pokemon-gem-pack-vol-2-simplified-chinese-box-pre-order,Pokemon,GEM2BOX,80,0,80,USD,true,in_stock,36,false,,physical,1,https://www.pokene.com/product-page/pokemon-gem-pack-vol-2-simplified-chinese-box-pre-order
Pokemon Destined Rivals Booster Bundle,05-29-pokemon-destined-rivals-booster-bundle-pre-order,,DESTINED-BOOST-BUNDLE,79.9,72.4,72.4,USD,true,in_stock,75,false,,physical,1.7,https://www.pokene.com/product-page/05-29-pokemon-destined-rivals-booster-bundle-pre-order
Pokemon GO V Battle Deck Bundle [Mewtwo V/Melmetal V],pokemon-go-v-battle-deck-bundle-mewtwo-v-melmetal-v,,,65,55,55,USD,true,in_stock,5,false,,physical,0,https://www.pokene.com/product-page/pokemon-go-v-battle-deck-bundle-mewtwo-v-melmetal-v
Pokemon Chaos Rising Build and Battle Box,pokemon-chaos-rising-build-and-battle-box,Pokemon,,54.9,40.9,40.9,USD,true,in_stock,46,false,,physical,1,https://www.pokene.com/product-page/pokemon-chaos-rising-build-and-battle-box
Japanese Pokemon Ruler of the Black Flame Booster Box,pokemon-ruler-of-the-black-flame-booster-box-sv3,Pokemon,,160,155,155,USD,true,in_stock,9,false,,physical,0,https://www.pokene.com/product-page/pokemon-ruler-of-the-black-flame-booster-box-sv3
Korean Pokemon Black Bolt Booster Box,korean-pokemon-black-bolt-booster-box,Pokemon,BLACK-KR,64,0,64,USD,true,in_stock,52,false,,physical,2,https://www.pokene.com/product-page/korean-pokemon-black-bolt-booster-box
X10 Dragon Shield Matte Non-Glare Blue (100ct) Protective Sleeves,x10-dragon-shield-matte-non-glare-blue-100ct-protective-sleeves,Ultra Pro,,80,0,80,USD,true,in_stock,5,false,,physical,0.5,https://www.pokene.com/product-page/x10-dragon-shield-matte-non-glare-blue-100ct-protective-sleeves
Battle Styles Elite Trainer Box [Rapid Strike Urshifu] (Blue),battle-styles-elite-trainer-box-rapid-strike-urshifu-blue,,,150,142.5,142.5,USD,true,in_stock,1,false,,physical,0,https://www.pokene.com/product-page/battle-styles-elite-trainer-box-rapid-strike-urshifu-blue
Pokemon Grand Adventure Collection,pokemon-grand-adventure-collection,Pokemon,PKMN-GRANDADVENTURE-EXBOX ,50,0,50,USD,true,in_stock,13,false,,physical,1,https://www.pokene.com/product-page/pokemon-grand-adventure-collection
Weiss Schwarz: SPY x FAMILY Trial Deck Display,weiss-schwarz-spy-x-family-trial-deck-display,,8885009408543,15.99,14.99,14.99,USD,true,in_stock,30,false,,physical,1,https://www.pokene.com/product-page/weiss-schwarz-spy-x-family-trial-deck-display
Chinese Pokemon Black Crystal Blaze Booster Box (CSV5C),chinese-pokemon-black-crystal-blaze-booster-box-csv5c,Pokemon,,36.9,0,36.9,USD,true,in_stock,3,false,,physical,0.05,https://www.pokene.com/product-page/chinese-pokemon-black-crystal-blaze-booster-box-csv5c
Pokemon 2024 World Championship Deck Display - Honolulu Hawii,pokemon-2024-world-championship-deck-display-honolulu-hawii,Pokemon,CHAMPION-DISPLAY,205,125,125,USD,true,in_stock,25,false,,physical,8,https://www.pokene.com/product-page/pokemon-2024-world-championship-deck-display-honolulu-hawii
Simplified Chinese Pokemon 30th Anniversary First Partner Set ,04-03-simplified-chinese-pokemon-30th-anniversary-first-partner-set,Pokemon,PKMN-CHI-30TH,24,16.92,16.92,USD,true,in_stock,58,false,,physical,0.05,https://www.pokene.com/product-page/04-03-simplified-chinese-pokemon-30th-anniversary-first-partner-set
Pokemon Stellar Crown Booster Box - SV7,pokemon-stellar-crown-booster-box-sv7,Pokemon,,375,318.75,318.75,USD,true,in_stock,6,false,,physical,2,https://www.pokene.com/product-page/pokemon-stellar-crown-booster-box-sv7
Kotobukiya ARTFX J: Pokemon - Juliana with Sprigatito Statue,kotobukiya-artfx-j-pokemon-juliana-with-sprigatito-statue,,190526059757,119.99,0,119.99,USD,true,in_stock,2,false,,physical,1,https://www.pokene.com/product-page/kotobukiya-artfx-j-pokemon-juliana-with-sprigatito-statue
X10 Dragon Shield Sleeves: Standard Classic - Blue 100CT,x10-dragon-shield-sleeves-standard-classic-blue-100ct,Ultra Pro,,80,0,80,USD,true,in_stock,3,false,,physical,0.5,https://www.pokene.com/product-page/x10-dragon-shield-sleeves-standard-classic-blue-100ct
Dragon Ball Super - Fusion World Starter Deck - FS01 Son Goku,dragon-ball-super-fusion-world-starter-deck-fs01-son-goku,,SON-GOKU-START-DECK,16.44,11.94,11.94,USD,true,in_stock,5,false,,physical,1.1,https://www.pokene.com/product-page/dragon-ball-super-fusion-world-starter-deck-fs01-son-goku
(Damaged) Weiss Schwarz: Saekano How to Raise a Boring Girlfriend Trial Deck+#1,damaged-weiss-schwarz-saekano-how-to-raise-a-boring-girlfriend-trial-deck-1,Weiss Schwarz,DAMAGED#1-RAISEBORING-GFDECK,8,0,8,USD,true,in_stock,1,false,,physical,1,https://www.pokene.com/product-page/damaged-weiss-schwarz-saekano-how-to-raise-a-boring-girlfriend-trial-deck-1
Pokemon 2025 World Championships Deck Display - Anaheim,pokemon-2025-world-championships-deck-display-anaheim,Pokemon,,199.9,0,199.9,USD,true,in_stock,6,false,,physical,8,https://www.pokene.com/product-page/pokemon-2025-world-championships-deck-display-anaheim
Chinese Pokemon Gem Pack Vol. 5 Booster Box,05-05-pokemon-gem-pack-vol-5-booster-box-chinese,Pokemon,,55,0,55,USD,true,in_stock,66,false,,physical,0.05,https://www.pokene.com/product-page/05-05-pokemon-gem-pack-vol-5-booster-box-chinese
X10 - Ivory Matte 100 Dragon Shield Sleeves Standard Size,x10-ivory-matte-100-dragon-shield-sleeves-standard-size,Ultra Pro,,80,0,80,USD,true,in_stock,5,false,,physical,0.5,https://www.pokene.com/product-page/x10-ivory-matte-100-dragon-shield-sleeves-standard-size
Pokemon Pitch Black Sleeved Booster Pack,pitch-black-sleeve,Pokemon,PITCH-BLACK-SLEEVE,8.99,6.6,6.6,USD,true,in_stock,248,false,,physical,2,https://www.pokene.com/product-page/pitch-black-sleeve
Japanese Pokemon Heat Wave Arena Booster Box,wave-2-pokemon-heat-wave-arena-booster-box-pre-order,Pokemon,HEATWAVE-ARENA,190,0,190,USD,true,in_stock,11,false,,physical,0.89,https://www.pokene.com/product-page/wave-2-pokemon-heat-wave-arena-booster-box-pre-order
Pokemon Scarlet & Violet 3 Pack Blister - Arcanine,pokemon-scarlet-violet-3-pack-blister-arcanine,Pokemon,PKMN-3PACKBLISTER-ARCANINE,29.9,0,29.9,USD,true,in_stock,8,false,,physical,1,https://www.pokene.com/product-page/pokemon-scarlet-violet-3-pack-blister-arcanine
Pokemon Paldean Fates Elite Trainer Box ETB,pokemon-paldean-fates-elite-trainer-box-etb,Pokemon,PALDEAN-FATES-ETB,525,472.5,472.5,USD,true,in_stock,3,false,,physical,1.7,https://www.pokene.com/product-page/pokemon-paldean-fates-elite-trainer-box-etb
Pokemon Team Rocket’s Mewtwo ex League Battle Deck,pokemon-team-rocket-s-mewtwo-ex-league-battle-deck,Pokemon,PKMN-MEWTWO-LEAGUEBATTLEDECK ,22,17.9,17.9,USD,true,in_stock,110,false,,physical,1,https://www.pokene.com/product-page/pokemon-team-rocket-s-mewtwo-ex-league-battle-deck
Pokemon Center Elite Trainer Box (Exclusive) - Black Bolt,black-bolt-pokemon-center-elite-trainer-box-exclusive,Pokemon,,320,294.4,294.4,USD,true,in_stock,2,false,,physical,0,https://www.pokene.com/product-page/black-bolt-pokemon-center-elite-trainer-box-exclusive
Korean Pokemon Glory of Team Rocket Booster Box,pokemon-korean-glory-of-team-rocket-booster-box-30-booster-pac,Pokemon,PKMN-TEAMROCKET-KOREAN,79.9,0,79.9,USD,true,in_stock,36,false,,physical,1,https://www.pokene.com/product-page/pokemon-korean-glory-of-team-rocket-booster-box-30-booster-pac
Alpha Clash TCG: Year of the Dragon Draft Box,alpha-clash-tcg-year-of-the-dragon-draft-box,,850049496124,114.99,74,74,USD,true,in_stock,18,false,,physical,1,https://www.pokene.com/product-page/alpha-clash-tcg-year-of-the-dragon-draft-box
Pokemon Chaos Rising Booster Box,05-22-pokemon-chaos-rising-booster-box-pre-order,Pokemon,,248.9,199.12,199.12,USD,true,in_stock,21,false,,physical,2,https://www.pokene.com/product-page/05-22-pokemon-chaos-rising-booster-box-pre-order
Pokemon Crown Zenith Pin Collection - Rillaboom,pokemon-crown-zenith-pin-collection-rillaboom,Pokemon,,99.9,89.91,89.91,USD,true,in_stock,3,false,,physical,1,https://www.pokene.com/product-page/pokemon-crown-zenith-pin-collection-rillaboom
Weiss Schwarz Blue Archive Booster Box Japanese,weiss-schwarz-blue-archive-booster-box,Weiss Schwarz,BLUE-ARC-BOX,59.99,0,59.99,USD,true,in_stock,6,false,,physical,1,https://www.pokene.com/product-page/weiss-schwarz-blue-archive-booster-box
Japanese Pokemon Center Fukuoka Special Box,09-30-japanese-pokemon-center-fukuoka-special-box-pre-order,Pokemon,Fukuoka-boxx,495,445,445,USD,true,in_stock,31,false,,physical,2,https://www.pokene.com/product-page/09-30-japanese-pokemon-center-fukuoka-special-box-pre-order
Japanese Pokemon Ancient Roar Booster Box,pokemon-ancient-roar-booster-box-sv4k,,ANCIENT-BOX,120,0,120,USD,true,in_stock,12,false,,physical,0.89,https://www.pokene.com/product-page/pokemon-ancient-roar-booster-box-sv4k
Pokemon Prismatic Evolutions Premium Figure Collection ,pokemon-prismatic-evolutions-premium-figure-collection,Pokemon,,250,0,250,USD,true,in_stock,4,false,,physical,1.7,https://www.pokene.com/product-page/pokemon-prismatic-evolutions-premium-figure-collection
Chinese Pokemon 2026 Lunar New Year Gift Box,copy-of-chinese-pokemon-2026-dragon-boat-festival-gift-box,Pokemon,,49.9,0,49.9,USD,true,in_stock,27,false,,physical,2.5,https://www.pokene.com/product-page/copy-of-chinese-pokemon-2026-dragon-boat-festival-gift-box
Japanese Pokemon Paradigm Trigger Booster Box,pokemon-paradigm-trigger-booster-box-s12,Pokemon,TRIGGER-BOX,212.5,0,212.5,USD,true,in_stock,9,false,,physical,0.89,https://www.pokene.com/product-page/pokemon-paradigm-trigger-booster-box-s12
Pokemon Crown Zenith Collection - Regieleki V,pokemon-crown-zenith-collection-regieleki-v,Pokemon,,120,0,120,USD,true,in_stock,3,false,,physical,1,https://www.pokene.com/product-page/pokemon-crown-zenith-collection-regieleki-v
Takashi Murakami Mononoke Kyoto Booster Box - Japanese,takashi-murakami-mononoke-kyoto-booster-box-japanese,,,160,129.98,129.98,USD,true,in_stock,1,false,,physical,1,https://www.pokene.com/product-page/takashi-murakami-mononoke-kyoto-booster-box-japanese
Pokemon Paldean Fates Mini Tin - Smoliv,pokemon-paldean-fates-mini-tin-smoliv,Pokemon,,54,0,54,USD,true,in_stock,4,false,,physical,1,https://www.pokene.com/product-page/pokemon-paldean-fates-mini-tin-smoliv
Japanese Pokemon Center Tohoku Special Box with Pikachu 260/SV-P,pokemon-center-tohoku-special-box-with-pikachu-260-sv-p,Pokemon,TOHUKU-BOX,295,0,295,USD,true,in_stock,10,false,,physical,2,https://www.pokene.com/product-page/pokemon-center-tohoku-special-box-with-pikachu-260-sv-p
(08/18) Chinese Pokemon 30th Anniversary Partner Set Volume 3 Pre-Order,08-18-chinese-pokemon-30th-anniversary-partner-set-volume-3-pre-order,Pokemon,,24,15.9,15.9,USD,true,in_stock,107,false,,physical,0.05,https://www.pokene.com/product-page/08-18-chinese-pokemon-30th-anniversary-partner-set-volume-3-pre-order
(08/18) Chinese Pokemon Gem Pack Vol 6 Booster Box Pre-Order,08-18-chinese-pokemon-gem-pack-vol-6-booster-box-pre-order,Pokemon,,55,36.9,36.9,USD,true,in_stock,61,false,,physical,0.05,https://www.pokene.com/product-page/08-18-chinese-pokemon-gem-pack-vol-6-booster-box-pre-order
Pokemon Astral Radiance Booster Box,pokemon-astral-radiance-booster-box,,,425,0,425,USD,false,in_stock,0,false,,physical,0,https://www.pokene.com/product-page/pokemon-astral-radiance-booster-box
Pokemon Paldean Fates Tech Sticker - Fidough,pokemon-paldean-fates-tech-sticker-fidough,,,67.9,0,67.9,USD,false,in_stock,0,false,,physical,0.04,https://www.pokene.com/product-page/pokemon-paldean-fates-tech-sticker-fidough
Japanese Pokemon Center Hiroshima Special Box,09-16-japanese-pokemon-center-hiroshima-special-box-pre-order,Pokemon,HIRO-BOX,395,0,395,USD,true,in_stock,25,false,,physical,2,https://www.pokene.com/product-page/09-16-japanese-pokemon-center-hiroshima-special-box-pre-order
Spanish Pokemon Obsidian Flames (llamas obsidianas) Sleeved Pack,spanish-pokemon-obsidian-flames-llamas-obsidianas-sleeved-pack,Pokemon,SPANISH-OBFL,5.99,4.1,4.1,USD,true,in_stock,811,false,,physical,1.7,https://www.pokene.com/product-page/spanish-pokemon-obsidian-flames-llamas-obsidianas-sleeved-pack
Pokemon Pitch Black Elite Trainer Box,pitch-black-etb,Pokemon,PITCH-BLACK-ETB,84.9,74.9,74.9,USD,true,in_stock,177,false,,physical,2,https://www.pokene.com/product-page/pitch-black-etb
Pokemon Pitch Black Build and Battle Box,pokemon-pitch-black-build-and-battle-box,Pokemon,,31.9,0,31.9,USD,false,in_stock,0,false,,physical,2,https://www.pokene.com/product-page/pokemon-pitch-black-build-and-battle-box
Pokemon Mega Evolution Build and Battle Box,pokemon-mega-evolution-build-and-battle-box,Pokemon,MEGA-BUILDNBATTLE,54,0,54,USD,true,in_stock,2,false,,physical,0.02,https://www.pokene.com/product-page/pokemon-mega-evolution-build-and-battle-box
Pokemon: Greninja V-UNION Special Collection,pokemon-greninja-v-union-special-collection-swsh07-evolving-skies,Pokemon,PKMN-GRENINJA-VUNION ,350,0,350,USD,true,in_stock,1,false,,physical,1.5,https://www.pokene.com/product-page/pokemon-greninja-v-union-special-collection-swsh07-evolving-skies
Japanese Pokemon Super Electric Breaker Booster Box,pokemon-super-electric-breaker-booster-box-sv8,Pokemon,ELECTRIC-BOX,120,0,120,USD,true,in_stock,3,false,,physical,0.89,https://www.pokene.com/product-page/pokemon-super-electric-breaker-booster-box-sv8
Pokemon Obsidian Flames Sleeved Booster Pack,pokemon-obsidian-flames-booster-pack-sv03,Pokemon,OBFLAME-PACK,13.99,12.99,12.99,USD,true,in_stock,241,false,,physical,0.04,https://www.pokene.com/product-page/pokemon-obsidian-flames-booster-pack-sv03
Pokemon Chaos Rising Checklane Blister Pack - Toxel,pokemon-chaos-rising-checklane-blister-pack-toxel,Pokemon,,9.9,0,9.9,USD,true,in_stock,155,false,,physical,1,https://www.pokene.com/product-page/pokemon-chaos-rising-checklane-blister-pack-toxel
Chinese Pokemon Reward Round / Bonus Round Booster Box,chinese-pokemon-reward-round-bonus-round-booster-box,Pokemon,,38.9,34,34,USD,true,in_stock,167,false,,physical,0.05,https://www.pokene.com/product-page/chinese-pokemon-reward-round-bonus-round-booster-box
Pokemon Fusion Strike Elite Trainer Box ETB,pokemon-fusion-strike-elite-trainer-box-etb,Pokemon,PKMN-ETV-FUSION,400,384,384,USD,false,in_stock,0,false,,physical,2,https://www.pokene.com/product-page/pokemon-fusion-strike-elite-trainer-box-etb
Battle Styles Elite Trainer Box [Single Strike Urshifu] (Red),battle-styles-elite-trainer-box-single-strike-urshifu-red,,,150,142.5,142.5,USD,true,in_stock,1,false,,physical,0,https://www.pokene.com/product-page/battle-styles-elite-trainer-box-single-strike-urshifu-red
Pokemon Simplified Chinese Variety Bundle of 6 Packs,pokemon-simplified-chinese-variety-bundle-of-8-packs,Pokemon,CHINA-VARIETY,30,25,25,USD,true,in_stock,8,false,,physical,0.6,https://www.pokene.com/product-page/pokemon-simplified-chinese-variety-bundle-of-8-packs
Weiss Schwarz Dengeki Bunko Booster Box - Japanese,weiss-schwarz-dengeki-bunko-booster-box,,WEISS-DEN-BOX,69.99,59.95,59.95,USD,true,in_stock,9,false,,physical,1,https://www.pokene.com/product-page/weiss-schwarz-dengeki-bunko-booster-box
Save the Barboaches Ultra Premium Hoodie - All Profits to WWF,save-the-barboaches-ultra-premium-hoodie-100-proceeds-to-wwf,,,60,0,60,USD,true,in_stock,0,false,,physical,0,https://www.pokene.com/product-page/save-the-barboaches-ultra-premium-hoodie-100-proceeds-to-wwf
Japanese  Pokemon Nihil Zero Booster Box,01-28-pokemon-munikis-zero-aka-nihil-nullifying-zero-japanese-booster-box,Pokemon,PKMN-BOX-NIHIL,84,0,84,USD,true,in_stock,30,false,,physical,2,https://www.pokene.com/product-page/01-28-pokemon-munikis-zero-aka-nihil-nullifying-zero-japanese-booster-box
Pokemon Pitch Black Checklane Blister,pitch-black-blister,Pokemon,PITCH-BLACK-CHECKLANE,7.9,7.25,7.25,USD,true,in_stock,112,false,,physical,2,https://www.pokene.com/product-page/pitch-black-blister
Japanese Pokemon Stellar Miracle Booster Box,pokemon-stellar-miracle-booster-box-sv7,Pokemon,PKMN-BOX-STLMIR,114,0,114,USD,true,in_stock,12,false,,physical,1,https://www.pokene.com/product-page/pokemon-stellar-miracle-booster-box-sv7
Pokemon Unova 2 Pack Blister - Fusion Strike and Vivid Voltage ,pokemon-unova-2-pack-blister-fusion-strike-and-vivid-voltage,Pokemon,,46.9,40.9,40.9,USD,true,in_stock,7,false,,physical,0.04,https://www.pokene.com/product-page/pokemon-unova-2-pack-blister-fusion-strike-and-vivid-voltage
Chinese Pokemon Terastal Gathering Coin Set - Glaceon,chinese-pokemon-terastal-gathering-coin-set-glaceon,Pokemon,,14.99,13.9,13.9,USD,true,in_stock,8,false,,physical,0.05,https://www.pokene.com/product-page/chinese-pokemon-terastal-gathering-coin-set-glaceon
Pokemon Mega Zygarde ex Premium Collection,pokemon-mega-zygarde-ex-premium-collection,Pokemon,,47.9,40.9,40.9,USD,true,in_stock,2,false,,physical,1,https://www.pokene.com/product-page/pokemon-mega-zygarde-ex-premium-collection
Pokemon Scarlet and Violet Base Booster Box,pokemon-scarlet-and-violet-booster-box,Pokemon,SCARLET-VIOLET-BOX,310,0,310,USD,false,in_stock,0,false,,physical,2,https://www.pokene.com/product-page/pokemon-scarlet-and-violet-booster-box
Pokemon Destined Rivals Booster Box,05-29-pokemon-destined-rivals-booster-box-pre-order,Pokemon,DESTINED-BOX,610,580,580,USD,true,in_stock,22,false,,physical,1.7,https://www.pokene.com/product-page/05-29-pokemon-destined-rivals-booster-box-pre-order
Pokemon Umbreon V Heroes Tin (International Version),pokemon-umbreon-v-tin,Pokemon,PKMN-UMBREON-SMALLTIN ,105,0,105,USD,true,in_stock,1,false,,physical,1,https://www.pokene.com/product-page/pokemon-umbreon-v-tin
Pokemon Shining Fates Booster Pack (art varies),pokemon-shining-fates-booster-pack,Pokemon,PKMN-SHININGFATES-PACK ,16,0,16,USD,true,in_stock,57,false,,physical,0,https://www.pokene.com/product-page/pokemon-shining-fates-booster-pack
Unified Minds Single Pack Blister - Sudowoodo,pokemon-tcg-mega-evolutions-me3-perfect-order-checklane-blister,Pokemon,PKMN-BLIST-UNIFIED,100,0,100,USD,true,in_stock,9,false,,physical,1,https://www.pokene.com/product-page/pokemon-tcg-mega-evolutions-me3-perfect-order-checklane-blister
Pokemon Go Elite Trainer Box Plus,pokemon-go-elite-trainer-box-plus,Pokemon,,325,288,288,USD,true,in_stock,1,false,,physical,2,https://www.pokene.com/product-page/pokemon-go-elite-trainer-box-plus
Sealed Case - Pokemon Pitch Black Booster Box,sealed-case-pokemon-pitch-black-booster-box,Pokemon,,1400,1250,1250,USD,true,in_stock,2,false,,physical,2,https://www.pokene.com/product-page/sealed-case-pokemon-pitch-black-booster-box
Pokemon Phantasmal Flames Mini Portfolio - Q1 2026,pokemon-tcg-mini-portfolio-q1-2026,Pokemon,PKMN-MINIPORTFOLIO-HOLDS60,12,11.4,11.4,USD,true,in_stock,10,false,,physical,1,https://www.pokene.com/product-page/pokemon-tcg-mini-portfolio-q1-2026
Sun and Moon Elite Trainer Box - Lunala,sun-moon-elite-trainer-box-lunala,,,325,276.25,276.25,USD,true,in_stock,1,false,,physical,0,https://www.pokene.com/product-page/sun-moon-elite-trainer-box-lunala
The Quintessential Quintuplets Vol. 2 Irreplaceable Existence Booster Pack,the-quintessential-quintuplets-vol-2-irreplaceable-existence-booster-pack,Bushiroad,BUSH=QUINQUIN-IRREPLACEVOL2-PACK,4,0,4,USD,true,in_stock,7,false,,physical,0.05,https://www.pokene.com/product-page/the-quintessential-quintuplets-vol-2-irreplaceable-existence-booster-pack
Pokemon Temporal Forces ETB Elite Trainer Box,pokemon-temporal-forces-etb-elite-trainer-box,,,189,0,189,USD,true,in_stock,0,false,,physical,0,https://www.pokene.com/product-page/pokemon-temporal-forces-etb-elite-trainer-box
Pokemon Paldean Fates Tech Sticker - Maschiff,pokemon-paldean-fates-tech-sticker-maschiff,,,67.9,0,67.9,USD,false,in_stock,0,false,,physical,0.04,https://www.pokene.com/product-page/pokemon-paldean-fates-tech-sticker-maschiff
Spanish Pokemon Ascended Heroes EX Box - Mega Emboar,spanish-pokemon-ascended-heroes-ex-box-mega-emboar,Pokemon,,44.9,0,44.9,USD,true,in_stock,17,false,,physical,1.7,https://www.pokene.com/product-page/spanish-pokemon-ascended-heroes-ex-box-mega-emboar
X10 Blood Red 100 Matte Dragon Shield Sleeves Standard Size🐉for Pokémon MTG,x10-blood-red-100-matte-dragon-shield-sleeves-standard-size-for-pokémon-mtg,Ultra Pro,,80,0,80,USD,true,in_stock,9,false,,physical,0.5,https://www.pokene.com/product-page/x10-blood-red-100-matte-dragon-shield-sleeves-standard-size-for-pokémon-mtg
Pokemon Chaos Rising 3PK Blister - Charmeleon,pokemon-chaos-rising-3pk-blister-charmeleon,Pokemon,,26.9,21.9,21.9,USD,true,in_stock,41,false,,physical,1,https://www.pokene.com/product-page/pokemon-chaos-rising-3pk-blister-charmeleon
Pokemon Terapagos ex Ultra Premium Collection,pokemon-terapagos-ex-ultra-premium-collection,Pokemon,PKMN-UPC-TERAPAGOS,250,0,250,USD,true,in_stock,6,false,,physical,3,https://www.pokene.com/product-page/pokemon-terapagos-ex-ultra-premium-collection
Pokemon Scarlet and Violet Elite Trainer Box - Miraidon,pokemon-violet-elite-trainer-box-etb,,VI-ETB,147.9,0,147.9,USD,true,in_stock,3,false,,physical,1.7,https://www.pokene.com/product-page/pokemon-violet-elite-trainer-box-etb
Chinese Pokemon Mystic and Void Booster Box (CSV6C),chinese-pokemon-mystic-and-void-booster-box-csv6c,Pokemon,,28.9,0,28.9,USD,true,in_stock,48,false,,physical,0.05,https://www.pokene.com/product-page/chinese-pokemon-mystic-and-void-booster-box-csv6c
Pokemon Scarlet & Violet 3 Pack Blister - Dondozo,pokemon-scarlet-violet-3-pack-blister-dondozo,Pokemon,PKMN-3PACKBLISTER-DONDOZO,29.9,0,29.9,USD,true,in_stock,11,false,,physical,1,https://www.pokene.com/product-page/pokemon-scarlet-violet-3-pack-blister-dondozo
"Pokemon Mimikyu Yard Resin Statue - 15 Inches Tall, 8lbs",mimikyu-pokémon-yard-resin-statue-15-inches-tall-8lbs,Pokemon,,110,87,87,USD,true,in_stock,20,false,,physical,10,https://www.pokene.com/product-page/mimikyu-pokémon-yard-resin-statue-15-inches-tall-8lbs
"Pokemon Celebi Pin Blister - Fusion Strike, Battle Styles",pokemon-celebi-pin-blister-fusion-strike-battle-styles,Pokemon,,49.9,0,49.9,USD,false,in_stock,0,false,,physical,0.04,https://www.pokene.com/product-page/pokemon-celebi-pin-blister-fusion-strike-battle-styles
Japanese Pokemon Lost Abyss Booster Box,pokemon-lost-abyss-booster-box-s11,Pokemon,LOST-ABYSS-BOX,495,0,495,USD,true,in_stock,24,false,,physical,0.89,https://www.pokene.com/product-page/pokemon-lost-abyss-booster-box-s11
Pokemon Mega Moonlit Tin - Gengar,pokemon-mega-moonlit-tin-gengar,Pokemon,,44.9,27.9,27.9,USD,true,in_stock,29,false,,physical,1,https://www.pokene.com/product-page/pokemon-mega-moonlit-tin-gengar